code,from,to,operator
900,0000000,0299999,Т2
900,0300000,0499999,Прочие
900,0500000,1969999,Т2
900,1970000,2169999,Прочие
900,2170000,2187999,Т2
900,2190000,3349999,Т2
900,3350000,3449999,Билайн
900,3450000,3749999,Т2
900,3750000,4049999,Прочие
900,4050000,4649999,Т2
900,4650000,4650999,Прочие
900,4655000,4894999,Т2
900,4900000,5549999,Т2
900,5550000,5559999,Прочие
900,5560000,6109999,Т2
900,6110000,6199999,Прочие
900,6200000,6999999,Т2
900,7000000,9009999,Прочие
900,9010000,9999999,Т2
901,0000000,0137099,Т2
901,0140000,0209999,Т2
901,0777000,0777999,Прочие
901,0800000,0899999,Т2
901,0920000,1079999,Т2
901,1090000,1099999,Т2
901,1100000,1109999,Ростелеком
901,1110000,1159999,Т2
901,1170000,1239999,Т2
901,1250000,1289999,Т2
901,1300000,1316399,Т2
901,1340000,1389999,Т2
901,1400000,1419999,Ростелеком
901,1440000,1459999,Т2
901,1470000,1474999,Т2
901,1490000,1509999,Т2
901,1510000,1519999,СберМобайл
901,1520000,1529999,МТС
901,1560000,1579999,Т2
901,1580000,1589999,Прочие
901,1610000,1619999,Т2
901,1800000,2019999,Т2
901,2020000,2029999,Прочие
901,2030000,2049999,Ростелеком
901,2050000,2109999,Т2
901,2200000,2209999,Т2
901,2220000,2229999,Прочие
901,2300000,2309999,Т2
901,2340000,2349999,Прочие
901,2350000,2439999,Т2
901,2500000,2539999,Прочие
901,2600000,2619999,МТС
901,2620000,2639999,Т2
901,2650000,2909999,Т2
901,2990000,4109999,Т2
901,4120000,4149999,Т2
901,4150000,4169999,МТС
901,4180000,4189999,МТС
901,4190000,4399999,Т2
901,4400000,4429999,МТС
901,4440000,4469999,Т2
901,4490000,4669999,Т2
901,4700000,4719999,Т2
901,4750000,4769999,МТС
901,4780000,4789999,МТС
901,4790000,4939999,Т2
901,4960000,4979999,Т2
901,5000000,6009999,Т2
901,6070000,6199999,Т2
901,6210000,6219999,Т2
901,6230000,6259999,Т2
901,6290000,6344999,Т2
901,6350000,6359999,Т2
901,6400000,6424999,Т2
901,6440000,6479999,Т2
901,6500000,6749999,Т2
901,7000000,8079999,Т2
901,8090000,8099999,Ростелеком
901,8100000,8199999,МТС
901,8200000,8229999,Т2
901,8470000,8479999,Т2
901,8600000,8719999,Т2
901,8880000,8889999,Т2
901,9000000,9099999,Т2
901,9100000,9109999,Ростелеком
901,9110000,9119999,Т2
901,9230000,9239999,Т2
901,9290000,9309999,Т2
901,9320000,9359999,Т2
901,9370000,9389999,Т2
901,9400000,9449999,Т2
901,9470000,9479999,Т2
901,9490000,9509999,Т2
901,9520000,9529999,МТС
901,9540000,9579999,Т2
901,9580000,9589999,Прочие
901,9610000,9799999,Т2
901,9810000,9999999,Т2
902,0000000,0199999,Т2
902,0200000,0399999,Ростелеком
902,0400000,0499999,Т2
902,0500000,0799999,Билайн
902,0800000,0899999,МТС
902,0900000,1099999,Т2
902,1100000,1199999,МегаФон
902,1200000,1999999,Т2
902,2000000,2009999,МТС
902,2010000,2029999,Т2
902,2030000,2099999,МТС
902,2100000,2199999,Т2
902,2200000,2299999,МегаФон
902,2300000,2399999,Т2
902,2400000,2409999,МегаФон
902,2410000,2439999,МТС
902,2440000,2489999,Т2
902,2490000,2499999,МегаФон
902,2500000,2899999,Т2
902,2900000,2999999,МегаФон
902,3000000,3149999,Т2
902,3150000,3199999,МТС
902,3200000,3249999,МегаФон
902,3250000,3269999,Т2
902,3270000,3289999,МегаФон
902,3290000,3299999,Т2
902,3300000,3399999,МегаФон
902,3400000,3499999,МТС
902,3500000,3519999,МегаФон
902,3520000,3549999,МТС
902,3550000,3589999,Т2
902,3590000,3599999,МегаФон
902,3600000,3699999,Т2
902,3700000,3799999,МегаФон
902,3800000,4009999,Т2
902,4030000,4239999,Т2
902,4250000,4599999,Т2
902,4610000,4689999,Т2
902,4700000,4799999,Т2
902,4800000,4999999,Прочие
902,5000000,5049999,Т2
902,5050000,5069999,Прочие
902,5070000,5199999,Т2
902,5200000,5299999,Билайн
902,5300000,5529999,Т2
902,5530000,5579999,Билайн
902,5580000,5589999,Т2
902,5590000,5599999,Билайн
902,5600000,5899999,Т2
902,5900000,5999999,Прочие
902,6000000,6599999,Т2
902,6600000,6639999,МегаФон
902,6640000,6649999,Т2
902,6650000,6659999,МегаФон
902,6660000,7099999,Т2
902,7100000,7109999,Билайн
902,7110000,7119999,Прочие
902,7120000,7139999,МТС
902,7140000,7149999,МегаФон
902,7150000,7159999,Прочие
902,7160000,7169999,МегаФон
902,7170000,7179999,Билайн
902,7180000,7199999,Прочие
902,7200000,7459999,Т2
902,7460000,7479999,МТС
902,7480000,7499999,МегаФон
902,7500000,8699999,Т2
902,8700000,8799999,Прочие
902,8800000,9529999,Т2
902,9530000,9559999,МегаФон
902,9560000,9929999,Т2
902,9930000,9959999,МегаФон
902,9960000,9999999,Т2
903,0000000,9999999,Билайн
904,0000000,1599999,Т2
904,1600000,1799999,Прочие
904,1800000,3799999,Т2
904,3800000,3899999,Прочие
904,3900000,5399999,Т2
904,5400000,5499999,Прочие
904,5500000,5599999,Т2
904,5700000,6199999,Т2
904,6200000,6299999,Билайн
904,6300000,6999999,Т2
904,7000000,7079999,Билайн
904,7080000,7119999,МегаФон
904,7120000,7199999,Прочие
904,7200000,7239999,МегаФон
904,7240000,7259999,МТС
904,7260000,7279999,Билайн
904,7280000,7349999,МегаФон
904,7350000,7399999,МТС
904,7400000,7499999,МегаФон
904,7500000,9499999,Т2
904,9550000,9799999,Т2
904,9800000,9899999,Прочие
904,9900000,9999999,Т2
905,0000000,9999999,Билайн
906,0000000,9999999,Билайн
908,0000000,3299999,Т2
908,3300000,3439999,Прочие
908,3440000,3459999,МегаФон
908,3460000,3499999,Прочие
908,3500000,3599999,МТС
908,3600000,3639999,МегаФон
908,3640000,3649999,Билайн
908,3650000,3699999,МегаФон
908,3700000,3729999,МТС
908,3730000,3749999,МегаФон
908,3750000,3799999,Билайн
908,3800000,4349999,МегаФон
908,4350000,4649999,Билайн
908,4650000,5199999,Т2
908,5200000,5399999,МТС
908,5400000,5599999,Т2
908,5600000,5699999,МТС
908,5700000,6085099,Т2
908,6090000,6099999,Прочие
908,6100000,6299999,МегаФон
908,6300000,6399999,Прочие
908,6400000,8399999,Т2
908,8400000,8519999,МегаФон
908,8520000,8999999,Т2
908,9000000,9299999,Прочие
908,9300000,9599999,Т2
908,9600000,9999999,Билайн
909,0000000,9999999,Билайн
910,0000000,9999999,МТС
911,0000000,9999999,МТС
912,0000000,0009999,МТС
912,0010000,0029999,Ростелеком
912,0030000,0766999,МТС
912,0770000,0899999,МТС
912,0930000,0959999,МТС
912,1000000,9999999,МТС
913,0000000,9999999,МТС
914,0000000,1199999,МТС
914,1200000,1499999,Прочие
914,1500000,4299999,МТС
914,4300000,5299999,Прочие
914,5300000,5392999,МТС
914,5400000,9999999,МТС
915,0000000,9999999,МТС
916,0000000,9999999,МТС
917,0000000,9999999,МТС
918,0000000,9999999,МТС
919,0000000,1369999,МТС
919,1380000,9999999,МТС
920,0000000,9999999,МегаФон
921,0000000,9999999,МегаФон
922,0000000,9999999,МегаФон
923,0000000,0399999,МегаФон
923,0400000,0400009,Прочие
923,0450000,0559999,МегаФон
923,1000000,8281999,МегаФон
923,8282000,8284999,Прочие
923,8880000,8889999,Прочие
923,9000000,9000999,Прочие
923,9990000,9999999,Прочие
924,0000000,0274999,МегаФон
924,0400000,0419999,МегаФон
924,0777000,0777999,Прочие
924,1000000,9028999,МегаФон
924,9150000,9509999,МегаФон
924,9900000,9999999,МегаФон
925,0000000,9999999,МегаФон
926,0000000,9999999,МегаФон
927,0000000,9999999,МегаФон
928,0000000,9999999,МегаФон
929,0000000,8029999,МегаФон
929,8130000,9999999,МегаФон
930,0000000,0009999,Прочие
930,0010000,0049999,СберМобайл
930,0050000,0059999,МегаФон
930,0060000,0109999,СберМобайл
930,0110000,0126999,МегаФон
930,0140000,0149999,МегаФон
930,0300000,0349999,МегаФон
930,0370000,0379999,МегаФон
930,0400000,0599999,МегаФон
930,0600000,0629999,Ростелеком
930,0630000,0643999,МегаФон
930,0690000,0749999,МегаФон
930,0760000,0779999,МегаФон
930,0840000,0919999,МегаФон
930,0960000,1379999,МегаФон
930,1500000,1999999,МегаФон
930,2000000,2019999,СберМобайл
930,2020000,2257999,МегаФон
930,2300000,3069999,МегаФон
930,3070000,3099999,СберМобайл
930,3200000,3219999,МегаФон
930,3300000,3309999,МегаФон
930,3310000,3329999,СберМобайл
930,3330000,3339999,Прочие
930,3340000,3399999,СберМобайл
930,3400000,3709999,МегаФон
930,3800000,4399999,МегаФон
930,4440000,4449999,Прочие
930,4700000,4759999,МегаФон
930,5550000,5559999,Прочие
930,6000000,6000999,Прочие
930,6500000,8999999,МегаФон
930,9000000,9019999,СберМобайл
930,9990000,9999999,Прочие
931,0000000,0089999,МегаФон
931,0090000,0099999,Прочие
931,1000000,1049999,МегаФон
931,1110000,1119999,Прочие
931,1777000,1777999,Прочие
931,2000000,4199999,МегаФон
931,4440000,4449999,Прочие
931,5000000,5209999,МегаФон
931,5250000,5439999,МегаФон
931,5550000,5559999,Прочие
931,5760000,6189999,МегаФон
931,6660000,6669999,Прочие
931,7000000,7139999,МегаФон
931,7770000,7779999,Прочие
931,8000000,8059999,МегаФон
931,8500000,8599999,МегаФон
931,8880000,8889999,Прочие
931,9000000,9119999,МегаФон
931,9500000,9999999,МегаФон
932,0000000,0009999,Прочие
932,0100000,0199999,МегаФон
932,0220000,0229999,МегаФон
932,0500000,0609999,МегаФон
932,0770000,0792999,МегаФон
932,0900000,1009999,МегаФон
932,1100000,1299999,МегаФон
932,2000000,2019999,МегаФон
932,2030000,2039999,МегаФон
932,2070000,2079999,МегаФон
932,2090000,2099999,МегаФон
932,2220000,2229999,Прочие
932,2300000,2399999,МегаФон
932,2470000,2579999,МегаФон
932,3000000,3399999,МегаФон
932,4000000,4409999,МегаФон
932,4440000,4449999,Прочие
932,4700000,4899999,МегаФон
932,4990000,5006999,МегаФон
932,5300000,5609999,МегаФон
932,6000000,6404999,МегаФон
932,6660000,6669999,Прочие
932,6800000,6809999,МегаФон
932,6991000,6999999,МегаФон
932,7770000,7779999,Прочие
932,8400000,8699999,МегаФон
932,8880000,8889999,Прочие
932,9990000,9999999,Прочие
933,0000000,0009999,Прочие
933,0330000,0339999,Прочие
933,1000000,1009999,МегаФон
933,1010000,1029999,Прочие
933,1110000,1119999,Прочие
933,1600000,1679999,МегаФон
933,2000000,2009999,МегаФон
933,2220000,2229999,Прочие
933,3000000,3049999,МегаФон
933,3100000,3129999,МегаФон
933,3130000,3139999,СберМобайл
933,3140000,3149999,МегаФон
933,3200000,3419999,МегаФон
933,3999000,3999999,Прочие
933,4400000,4499999,МегаФон
933,5500000,5679999,МегаФон
933,6660000,6669999,Прочие
933,7770000,7779999,Прочие
933,8880000,8889999,Прочие
933,9000000,9009999,Прочие
933,9300000,9359999,МегаФон
933,9770000,9779999,Прочие
933,9915000,9999999,МегаФон
934,0000000,0009999,Прочие
934,1000000,1009999,МегаФон
934,1110000,1119999,Прочие
934,3330000,3339999,Прочие
934,4000000,4009999,Прочие
934,4010000,4019999,МегаФон
934,4310000,4319999,МегаФон
934,4410000,4419999,МегаФон
934,4440000,4449999,Прочие
934,4610000,4619999,МегаФон
934,4710000,4719999,МегаФон
934,4760000,4769999,МегаФон
934,4777000,4777999,Прочие
934,4810000,4819999,МегаФон
934,4910000,4919999,МегаФон
934,5550000,5559999,Прочие
934,7770000,7779999,Прочие
934,8880000,8889999,Прочие
934,9990000,9999999,Прочие
936,0000000,0059999,МегаФон
936,1000000,1059999,МегаФон
936,1110000,1119999,МегаФон
936,2220000,2229999,МегаФон
936,3330000,3339999,МегаФон
936,4440000,4449999,МегаФон
936,5550000,5559999,МегаФон
936,6000000,6259999,МегаФон
936,6660000,6669999,МегаФон
936,6777000,6777999,Прочие
936,6990000,6999999,Прочие
936,7770000,7779999,МегаФон
936,8880000,8889999,МегаФон
936,9360000,9399999,МегаФон
936,9990000,9999999,МегаФон
937,0000000,9999999,МегаФон
938,0000000,0389999,МегаФон
938,0750000,0829999,МегаФон
938,0872000,0889999,МегаФон
938,1000000,1399999,МегаФон
938,1410000,1829999,МегаФон
938,2000000,2099999,МегаФон
938,2220000,2229999,Прочие
938,2940000,3169999,МегаФон
938,3310000,3359999,МегаФон
938,3400000,3589999,МегаФон
938,4000000,4989999,МегаФон
938,5000000,5409999,МегаФон
938,5440000,5580001,МегаФон
938,5990000,6003999,МегаФон
938,6500000,6549999,МегаФон
938,6660000,6669999,Прочие
938,6900000,6949999,МегаФон
938,7000000,7029999,МегаФон
938,7770000,8059999,МегаФон
938,8110000,8119999,МегаФон
938,8610000,8789999,МегаФон
938,8810000,9179999,МегаФон
938,9840000,9871999,МегаФон
938,9890000,9999999,МегаФон
939,0000000,0009999,Прочие
939,0090000,0099999,Прочие
939,0770000,0790999,МегаФон
939,0990000,1046999,МегаФон
939,1110000,1119999,Прочие
939,2220000,2229999,Прочие
939,3000000,3199999,Прочие
939,3300000,3999999,Прочие
939,4000000,4049999,МегаФон
939,4440000,4449999,Прочие
939,5010000,5099999,Прочие
939,5550000,5559999,Прочие
939,6660000,6669999,Прочие
939,7000000,7699999,МегаФон
939,7700000,7769999,Ростелеком
939,7770000,7779999,Прочие
939,7780000,7999999,Ростелеком
939,8880000,8889999,Прочие
939,8999000,9009999,Прочие
939,9700000,9749999,МегаФон
939,9990000,9999999,Прочие
941,0100000,0189999,Прочие
941,0200000,0810999,Прочие
941,0900000,0900999,Прочие
941,1001000,1422999,Прочие
941,1500000,2805999,Прочие
941,2900000,2900999,Прочие
941,3100000,3100999,Прочие
941,3200000,3200999,Прочие
941,3300000,3300999,Прочие
941,3400000,3401999,Прочие
941,3500000,3500999,Прочие
941,3600000,3600999,Прочие
941,3700000,3700999,Прочие
941,3800000,3800999,Прочие
941,3900000,3900999,Прочие
941,4100000,4100999,Прочие
941,4200000,4200999,Прочие
941,4300000,4300999,Прочие
941,4400000,4400999,Прочие
941,4500000,4500999,Прочие
941,4600000,4600999,Прочие
941,4700000,4700999,Прочие
941,4800000,4800999,Прочие
941,4900000,4900999,Прочие
941,5100000,5100999,Прочие
941,5200000,5200999,Прочие
941,5300000,5300999,Прочие
941,5400000,5400999,Прочие
941,5500000,5500999,Прочие
941,5600000,5600999,Прочие
941,5700000,5700999,Прочие
941,5800000,5800999,Прочие
941,5900000,5900999,Прочие
941,6021000,6021499,Прочие
941,6100000,6100999,Прочие
941,6200000,6200999,Прочие
941,6300000,6300999,Прочие
941,6400000,6400999,Прочие
941,6500000,6500999,Прочие
941,6600000,6600999,Прочие
941,6700000,6700999,Прочие
941,6800000,6800999,Прочие
941,6900000,6900999,Прочие
941,7000000,7000999,Прочие
941,7100000,7100999,Прочие
941,7200000,7200999,Прочие
941,7300000,7300999,Прочие
941,7400000,7400999,Прочие
941,7500000,7500999,Прочие
941,7600000,7600999,Прочие
941,7700000,7700999,Прочие
941,7800000,7800999,Прочие
941,7900000,7900999,Прочие
941,8100000,9372999,Прочие
950,0000000,1899999,Т2
950,1900000,2099999,Прочие
950,2100000,2299999,Т2
950,2300000,2399999,МТС
950,2400000,2799999,Т2
950,2800000,2999999,Прочие
950,3000000,6299999,Т2
950,6300000,6599999,Прочие
950,6600000,6649999,Т2
950,6650000,6679999,Прочие
950,6680000,6689999,Билайн
950,6690000,6699999,МегаФон
950,6700000,8799999,Т2
950,8800000,8809999,Билайн
950,8810000,8879999,МегаФон
950,8880000,8899999,МТС
950,8900000,9299999,Т2
950,9300000,9449999,МТС
950,9450000,9999999,Т2
951,0000000,0299999,Билайн
951,0300000,0399999,Т2
951,0500000,2799999,Т2
951,2800000,2899999,МегаФон
951,2900000,9999999,Т2
952,0000000,0799999,Т2
952,0800000,0849999,Прочие
952,0850000,1299999,Т2
952,1300000,1499999,Прочие
952,1500000,7249999,Т2
952,7250000,7449999,Прочие
952,7450000,7529999,Т2
952,7531000,9999999,Т2
953,0000000,0099999,Прочие
953,0100000,0389999,Т2
953,0390000,0589999,Прочие
953,0590000,1999999,Т2
953,2000000,2299999,Билайн
953,2300000,3799999,Т2
953,3800000,3899999,Прочие
953,3900000,5999999,Т2
953,6000000,6099999,Прочие
953,6100000,9979199,Т2
953,9980000,9999999,Т2
954,0300000,0399999,Прочие
954,0500000,0599999,Прочие
954,0700000,0799999,Прочие
954,1010000,1039999,Прочие
954,1050000,1189999,Прочие
954,2000000,2999999,Прочие
954,4000000,4002999,Прочие
954,6000000,6002999,Прочие
954,7000000,7001999,Прочие
954,8000000,8001999,Прочие
954,9000000,9099999,Прочие
954,9900000,9999999,Прочие
955,0000000,0000099,Прочие
955,1000000,1000299,Прочие
955,2002000,2003199,Ростелеком
955,3000000,3000299,Прочие
955,4000000,4000099,Прочие
955,5550000,5559999,Прочие
955,7000000,7000099,Прочие
955,7777700,7777799,Прочие
955,8880000,8889999,Прочие
955,9000000,9000099,Прочие
955,9999900,9999999,Прочие
956,0000000,0003999,Прочие
956,0008000,0008299,Прочие
958,0000000,1329999,Прочие
958,1330000,1813299,Ростелеком
958,1815000,1938999,Ростелеком
958,1939000,2038999,Прочие
958,2040000,2094999,Прочие
958,2220000,2229999,Прочие
958,2230000,2840999,Ростелеком
958,2980000,3899999,Прочие
958,3900000,3999999,Т2
958,4000000,4368999,Прочие
958,4400000,4999999,Прочие
958,5000000,5129999,Т2
958,5130000,5165210,Ростелеком
958,5166700,5169999,Прочие
958,5230000,5370299,Прочие
958,5370300,5374099,Yota
958,5390000,5394999,Прочие
958,5411150,5411259,Прочие
958,5411300,5411799,Прочие
958,5411800,5416999,Yota
958,5417000,5417999,Т2
958,5419000,5419999,Прочие
958,5420000,5532999,Ростелеком
958,5533000,5559999,Прочие
958,5560000,5634584,Ростелеком
958,5636585,5707084,Ростелеком
958,5713300,5759999,Ростелеком
958,5760000,5839999,Прочие
958,5840000,5903916,Ростелеком
958,5905000,5909999,Прочие
958,5920000,5929999,Т2
958,5930000,5949999,СберМобайл
958,5950000,6299999,Прочие
958,6300000,6444999,Т2
958,6445000,6449999,Прочие
958,6450000,6649999,Т2
958,6652000,6654999,Прочие
958,6655000,6809999,Т2
958,6810000,6897859,Ростелеком
958,6897900,6897999,Прочие
958,6980000,8349999,Прочие
958,8350000,8470499,Ростелеком
958,8470500,8470999,Прочие
958,8471350,8799999,Ростелеком
958,8810000,8876149,Ростелеком
958,8879000,9999999,Прочие
960,0000000,9999999,Билайн
961,0000000,8389999,Билайн
961,8400000,9999999,Билайн
962,0000000,4609999,Билайн
962,4700000,9999999,Билайн
963,0000000,5599999,Билайн
963,5620000,5689999,Билайн
963,5700000,7389999,Билайн
963,7400000,9999999,Билайн
964,0000000,0989999,Билайн
964,1000000,9999999,Билайн
965,0000000,9999999,Билайн
966,0000000,1999999,Билайн
966,2000000,2009999,СберМобайл
966,2060000,2069999,Билайн
966,2220000,2229999,Прочие
966,2260000,2279999,Билайн
966,2390000,2409999,Билайн
966,2490000,2509999,Билайн
966,2600000,2609999,Билайн
966,2700000,2939999,Билайн
966,2970000,2979999,Билайн
966,3000000,4019999,Билайн
966,4440000,4449999,Прочие
966,5000000,5069999,Билайн
966,5550000,5559999,Прочие
966,5666000,5666999,Прочие
966,6000000,6009999,Билайн
966,6660000,6669999,Прочие
966,6690000,6699999,Прочие
966,6900000,6999999,Прочие
966,7000000,7349999,Билайн
966,7400000,7779999,Билайн
966,7790000,8029999,Билайн
966,8080000,8089999,Билайн
966,8880000,8889999,Прочие
966,9000000,9199999,Билайн
966,9660000,9679999,Билайн
966,9990000,9999999,Прочие
967,0000000,4369999,Билайн
967,4400000,4979999,Билайн
967,5000000,5149999,Билайн
967,5200000,5239999,Билайн
967,5300000,5399999,Билайн
967,5500000,5539999,Билайн
967,5550000,5559999,Прочие
967,5600000,5649999,Билайн
967,5700000,5749999,Билайн
967,5800000,5829999,Билайн
967,5900000,6749999,Билайн
967,6800000,6849999,Билайн
967,6900000,6919999,Билайн
967,6960000,6969999,Билайн
967,6980000,7079999,Билайн
967,7100000,7809999,Билайн
967,7880000,8129999,Билайн
967,8190000,8429999,Билайн
967,8500000,9149999,Билайн
967,9160000,9859999,Билайн
967,9870000,9999999,Билайн
968,0000000,1439999,Билайн
968,1480000,1629999,Билайн
968,1650000,1969999,Билайн
968,1999000,1999999,Прочие
968,2000000,2059999,Билайн
968,2100000,2109999,Билайн
968,2200000,2309999,Билайн
968,2460000,2469999,Билайн
968,2600000,2879999,Билайн
968,3000000,3009999,Билайн
968,3100000,9999999,Билайн
969,0000000,3999999,Билайн
969,4000000,4009999,Прочие
969,4440000,4449999,Прочие
969,5550000,5559999,Прочие
969,6000000,7529999,Билайн
969,7530000,7531999,Прочие
969,7590000,7669999,Билайн
969,7700000,7729999,Билайн
969,7770000,7779999,Прочие
969,7780000,7799999,Билайн
969,7900000,8129999,Билайн
969,8200000,8259999,Билайн
969,8880000,8889999,Прочие
969,9000000,9009999,Прочие
969,9666000,9666999,Прочие
969,9690000,9699999,Прочие
969,9990000,9999999,Прочие
970,1010000,1010999,Ростелеком
970,3000000,3009999,Прочие
970,3030300,3030300,Ростелеком
970,3030303,3030303,Ростелеком
970,3040000,3040000,Прочие
970,3050000,3050000,Прочие
970,3500000,3500009,Ростелеком
970,4920000,4929999,Ростелеком
970,4940000,4949999,Ростелеком
970,5005000,5005010,Прочие
970,5005020,5005020,Прочие
970,5005030,5005030,Прочие
970,5005040,5005040,Прочие
970,5005050,5005050,Прочие
970,5005060,5005060,Прочие
970,5005070,5005070,Прочие
970,5005080,5005080,Прочие
970,5005090,5005090,Прочие
970,5005555,5005555,Прочие
970,7070000,7079999,Ростелеком
970,8110000,8119999,Ростелеком
970,8370000,8379999,Ростелеком
971,1010101,1010101,Ростелеком
971,3000000,3009999,Прочие
971,3030300,3030300,Ростелеком
971,3030303,3030303,Ростелеком
971,3050000,3050000,Прочие
971,3500000,3500009,Ростелеком
971,5005000,5005010,Прочие
971,5005020,5005020,Прочие
971,5005030,5005030,Прочие
971,5005040,5005040,Прочие
971,5005050,5005050,Прочие
971,5005060,5005060,Прочие
971,5005070,5005070,Прочие
971,5005080,5005080,Прочие
971,5005090,5005090,Прочие
971,5005555,5005555,Прочие
971,7070000,7079999,Ростелеком
977,0000000,0019999,Прочие
977,0020000,0069999,СберМобайл
977,0070000,0079999,Прочие
977,0770000,0779999,Прочие
977,0880000,0889999,Прочие
977,0999000,0999999,Прочие
977,1000000,1999999,Т2
977,2000000,2499999,Прочие
977,2500000,9999999,Т2
978,0000000,1499999,МТС
978,1500000,1599999,Прочие
978,1650000,1699999,Прочие
978,2000000,2299999,МТС
978,2540000,2549999,Прочие
978,2550000,2799999,МТС
978,3000000,3009999,Прочие
978,3333000,3333999,Прочие
978,3777000,3777999,Прочие
978,3888000,3888999,Прочие
978,4000000,4099999,Прочие
978,4444000,4444999,Прочие
978,5000000,5099999,Прочие
978,5500000,5899999,Прочие
978,7000000,8999999,МТС
978,9000000,9999999,Прочие
980,0000000,0009999,Прочие
980,0010000,0199999,СберМобайл
980,0700000,1099999,СберМобайл
980,1110000,1119999,Прочие
980,2220000,2229999,Прочие
980,2300000,2539999,МТС
980,2600000,2699999,МТС
980,2900000,3949999,МТС
980,4440000,4449999,Прочие
980,5000000,5899999,МТС
980,6200000,6969999,МТС
980,7000000,7999999,МТС
980,8000000,8009999,Прочие
980,8010000,8079999,СберМобайл
980,8080000,8085999,МТС
980,8880000,8889999,Прочие
980,8890000,8999999,СберМобайл
980,9000000,9000999,Прочие
980,9010000,9569999,СберМобайл
980,9600000,9609999,СберМобайл
980,9660000,9669999,СберМобайл
980,9700000,9709999,СберМобайл
980,9800000,9809999,СберМобайл
980,9990000,9999999,Билайн
981,0000000,0009999,Прочие
981,0777000,0777999,Прочие
981,1000000,2599999,МТС
981,2999000,2999999,Прочие
981,3000000,3249999,МТС
981,3330000,3339999,Прочие
981,3400000,3649999,МТС
981,3950000,4899999,МТС
981,5000000,5249999,МТС
981,5500000,5799999,МТС
981,6000000,6199999,МТС
981,6500000,6549999,МТС
981,6660000,6669999,Прочие
981,6800000,8649999,МТС
981,8700000,9999999,МТС
982,0000000,0009999,Прочие
982,0777000,0777999,Прочие
982,1000000,9999999,МТС
983,0000000,0339999,МТС
983,0500000,0599999,МТС
983,0700000,0709999,МТС
983,0750000,0759999,МТС
983,0770000,0779999,МТС
983,1000000,4699999,МТС
983,5000000,6399999,МТС
983,6600000,6600999,МТС
983,6611000,6611999,МТС
983,6660000,6669999,Прочие
983,6777000,6777999,МТС
983,6900000,6999999,МТС
983,7000000,7000999,Прочие
983,7770000,7779999,Прочие
983,8880000,8889999,Билайн
983,9990000,9999999,Билайн
984,0000000,0009999,Прочие
984,1000000,1849999,МТС
984,1880000,2149999,МТС
984,2200000,2299999,МТС
984,2500000,2509999,МТС
984,2550000,2559999,МТС
984,2600000,2659999,МТС
984,2700000,2999999,МТС
984,3330000,3339999,Прочие
984,4440000,4449999,Прочие
984,5000000,5003999,МТС
984,5550000,5559999,Прочие
984,7000000,7000999,Прочие
984,7070000,7079999,Прочие
984,7770000,7779999,Прочие
984,8880000,8889999,Прочие
984,9990000,9999999,Прочие
985,0000000,2192999,МТС
985,2193000,2195999,Прочие
985,2200000,3199999,МТС
985,3300000,3699999,МТС
985,3800000,4929999,МТС
985,5000000,6009999,МТС
985,6040000,6049999,МТС
985,6100000,6499999,МТС
985,6550000,6551999,МТС
985,6600000,6699999,МТС
985,6800000,7009999,МТС
985,7040000,7049999,МТС
985,7100000,8999999,МТС
985,9000000,9001999,Прочие
985,9040000,9049999,МТС
985,9050000,9099999,Прочие
985,9100000,9299999,МТС
985,9300000,9599999,Прочие
985,9600000,9799999,МТС
985,9800000,9899999,Прочие
985,9900000,9999999,МТС
986,0000000,0009999,Прочие
986,1110000,1119999,Прочие
986,1300000,1399999,МТС
986,3330000,3339999,Прочие
986,5550000,5559999,Прочие
986,6000000,6000999,Прочие
986,6660000,6669999,Билайн
986,7000000,7999999,МТС
986,8880000,8889999,Прочие
986,9000000,9999999,МТС
987,0000000,9999999,МТС
988,0000000,1899999,МТС
988,2000000,4839999,МТС
988,4860000,9999999,МТС
989,0000000,0699999,МТС
989,0800000,2999999,МТС
989,3000000,3009999,СберМобайл
989,3300000,3629999,МТС
989,3650000,3699999,МТС
989,3999000,3999999,Прочие
989,4200000,4359999,МТС
989,4400000,6869999,МТС
989,6900000,9999999,МТС
991,0000000,0171999,Т2
991,0190000,1099999,Ростелеком
991,1100000,1199999,Yota
991,1900000,1999999,Ростелеком
991,2220000,2229999,Прочие
991,3000000,5159999,Ростелеком
991,5550000,5559999,Прочие
991,6600000,6819999,Ростелеком
991,7770000,7779999,Прочие
991,8000000,8214999,Ростелеком
991,8880000,8889999,Прочие
991,9000000,9099999,Ростелеком
991,9100000,9199999,Т2
991,9900000,9999999,Т2
992,0000000,0303999,Т2
992,0304000,0305499,Ростелеком
992,0305500,0305899,Прочие
992,0306000,0309999,Прочие
992,1110000,1119999,Прочие
992,2000000,2499999,Т2
992,2500000,2503999,Ростелеком
992,2504000,2505999,Прочие
992,2800000,3199999,Т2
992,3200000,3200499,Ростелеком
992,3300000,3699999,Т2
992,3700000,3702499,Ростелеком
992,4000000,4099999,Т2
992,4100000,4100999,Ростелеком
992,4200000,4299999,Т2
992,4300000,4300149,Ростелеком
992,4440000,4449999,Прочие
992,5000000,5299999,Т2
992,5300000,5300999,Ростелеком
992,5550000,5559999,Прочие
992,7000000,7009999,Прочие
992,7770000,7779999,Прочие
992,8880000,8889999,Прочие
992,9000000,9000999,Прочие
992,9990000,9999999,Прочие
993,0000000,0352399,Т2
993,1110000,1119999,Прочие
993,2000000,2429999,Ростелеком
993,3000000,3009999,Прочие
993,3330000,3339999,Прочие
993,3999000,3999999,Прочие
993,4440000,4449999,Прочие
993,5550000,5559999,Прочие
993,6660000,6669999,Прочие
993,7770000,7779999,Прочие
993,8880000,8889999,Прочие
993,9930000,9939999,Прочие
993,9990000,9999999,Прочие
994,0000000,0249999,Прочие
994,0300000,0300999,Т2
994,1000000,1009999,Т2
994,1110000,1119999,Прочие
994,1500000,1509999,Т2
994,2000000,2009999,Т2
994,2220000,2229999,Прочие
994,2400000,2409999,Т2
994,2500000,2509999,Т2
994,2600000,2609999,Т2
994,2699000,2719999,Т2
994,2900000,2909999,Т2
994,3330000,3339999,Прочие
994,4000000,4009999,Прочие
994,4440000,4449999,Прочие
994,4999000,4999999,Прочие
994,5550000,5559999,Прочие
994,6660000,6669999,Прочие
994,7770000,7779999,Прочие
994,8880000,8889999,Прочие
994,9990000,9999999,Прочие
995,0000000,0009999,Прочие
995,0010000,0029999,СберМобайл
995,0030000,0034999,Прочие
995,0035000,0124999,Т-Мобайл
995,0860000,1109999,Т-Мобайл
995,1110000,1119999,Прочие
995,1120000,1369999,Т-Мобайл
995,1800000,2135999,Т2
995,2220000,2229999,Прочие
995,3330000,3339999,Прочие
995,3340000,3399999,Т-Мобайл
995,3450000,3459999,СберМобайл
995,4000000,4299999,Т2
995,4400000,4439999,Т-Мобайл
995,4440000,4449999,Прочие
995,4450000,4499999,Т-Мобайл
995,5000000,5099999,Т-Мобайл
995,5500000,5599999,Yota
995,5777000,5777999,Прочие
995,5900000,6009999,Т-Мобайл
995,6600000,6659999,Т-Мобайл
995,6660000,6669999,Прочие
995,6670000,6709999,Т-Мобайл
995,7000000,7009999,СберМобайл
995,7070000,7079999,СберМобайл
995,7700000,7709999,СберМобайл
995,7710000,7769999,Т-Мобайл
995,7770000,7799999,СберМобайл
995,7990000,8299999,Прочие
995,8880000,8889999,Прочие
995,8950000,9059999,Т-Мобайл
995,9500000,9599999,Yota
995,9600000,9699999,Т-Мобайл
995,9700000,9799999,Прочие
995,9800000,9849999,Yota
995,9900000,9909999,СберМобайл
995,9910000,9959999,Прочие
995,9960000,9989999,Т-Мобайл
995,9990000,9999999,Прочие
996,0000000,0109999,Т2
996,0130000,0199999,Т2
996,0200000,1399999,Yota
996,1400000,2049999,Т2
996,2050000,2989999,Yota
996,2999000,3029999,Т2
996,3030000,6989999,Yota
996,6990000,6998999,СберМобайл
996,6999000,7099999,Т2
996,7200000,7529999,Т2
996,7550000,8149999,Т2
996,8499000,8549999,Т2
996,8550000,8559999,Прочие
996,8850000,8859999,Прочие
996,8880000,8889999,Прочие
996,8890000,8989999,Yota
996,8999000,8999999,Прочие
996,9000000,9099999,Т2
996,9100000,9989999,Yota
996,9990000,9998999,СберМобайл
996,9999000,9999999,Т2
997,1000000,1999999,Прочие
997,4730000,4730001,Прочие
997,6000000,6999999,Прочие
997,7777700,7777799,Прочие
997,9999900,9999999,Прочие
999,0000000,0044999,Yota
999,0045000,0099999,МегаФон
999,0100000,0102999,Yota
999,0103000,0199999,МегаФон
999,0200000,0202999,Yota
999,0203000,0299999,МегаФон
999,0300000,0302999,Yota
999,0303000,0399999,МегаФон
999,0400000,0409999,Yota
999,0410000,0549999,МегаФон
999,0560000,0569999,МегаФон
999,0570000,0602999,Yota
999,0603000,0699999,МегаФон
999,0700000,0702999,Yota
999,0703000,0799999,МегаФон
999,0800000,0809999,Yota
999,0810000,0819999,МегаФон
999,0820000,0902999,Yota
999,0903000,0949999,МегаФон
999,0950000,0970999,Yota
999,0971000,0999999,МегаФон
999,1000000,1009999,Yota
999,1010000,1049999,МегаФон
999,1050000,1064999,Yota
999,1065000,1089999,МегаФон
999,1090000,1159999,Yota
999,1160000,1199999,МегаФон
999,1200000,1219999,Yota
999,1220000,1229999,МегаФон
999,1230000,1349999,Yota
999,1350000,1359999,МегаФон
999,1360000,1459999,Yota
999,1460000,1499999,МегаФон
999,1500000,1502999,Yota
999,1503000,1547999,МегаФон
999,1548000,1589999,Yota
999,1590000,1619999,МегаФон
999,1620000,1802999,Yota
999,1803000,1837999,МегаФон
999,1838000,1852999,Yota
999,1853000,1887999,МегаФон
999,1888000,1902999,Yota
999,1903000,1937999,МегаФон
999,1938000,1952999,Yota
999,1953000,1989999,МегаФон
999,1990000,2199999,Yota
999,2200000,2201999,Т2
999,2202000,2299999,Yota
999,2300000,2301999,Т2
999,2302000,2312999,МегаФон
999,2313000,2399999,Yota
999,2400000,2401999,Т2
999,2402000,2509999,Yota
999,2510000,2549999,МегаФон
999,2550000,2559999,Yota
999,2560000,2599999,МегаФон
999,2600000,2614999,Yota
999,2615000,2699999,МегаФон
999,2700000,2702999,Yota
999,2703000,2747999,МегаФон
999,2748000,2752999,Yota
999,2753000,2799999,МегаФон
999,2800000,2802999,Yota
999,2803000,2847999,МегаФон
999,2848000,2852999,Yota
999,2853000,2899999,МегаФон
999,2900000,2902999,Yota
999,2903000,2947999,МегаФон
999,2948000,2952999,Yota
999,2953000,2997999,МегаФон
999,2998000,3002999,Yota
999,3003000,3097999,МегаФон
999,3098000,3119999,Yota
999,3120000,3299999,МегаФон
999,3300000,3302999,Yota
999,3303000,3329999,МегаФон
999,3330000,3339999,Прочие
999,3340000,3397999,МегаФон
999,3398000,3402999,Yota
999,3403000,3499999,МегаФон
999,3500000,3502999,Yota
999,3503000,3597999,МегаФон
999,3598000,3602999,Yota
999,3603000,3784999,МегаФон
999,3785000,3802999,Yota
999,3803000,3979999,МегаФон
999,3980000,4002999,Yota
999,4003000,4099999,МегаФон
999,4100000,4109999,Yota
999,4110000,4199999,МегаФон
999,4200000,4209999,Yota
999,4210000,4219999,МегаФон
999,4220000,4236999,Yota
999,4237000,4299999,МегаФон
999,4300000,4319999,Yota
999,4320000,4349999,МегаФон
999,4350000,4352999,Yota
999,4353000,4399999,МегаФон
999,4400000,4439999,Yota
999,4440000,4449999,Прочие
999,4450000,4491999,Yota
999,4492000,4499999,МегаФон
999,4500000,4609999,Yota
999,4610000,4619999,МегаФон
999,4620000,4709999,Yota
999,4710000,4749999,МегаФон
999,4750000,4769999,Yota
999,4770000,4799999,МегаФон
999,4800000,4802999,Yota
999,4803000,4847999,МегаФон
999,4848000,4852999,Yota
999,4853000,4899999,МегаФон
999,4900000,4902999,Yota
999,4903000,4949999,МегаФон
999,4950000,4959999,Yota
999,4960000,4994999,МегаФон
999,4995000,5002999,Yota
999,5003000,5097999,МегаФон
999,5098000,5402999,Yota
999,5403000,5472999,МегаФон
999,5473000,5502999,Yota
999,5503000,5589999,МегаФон
999,5590000,5716999,Yota
999,5717000,5809999,МегаФон
999,5810000,5902999,Yota
999,5903000,5999999,МегаФон
999,6000000,6579999,Yota
999,6580000,6599999,МегаФон
999,6600000,6604999,Yota
999,6605000,6659999,МегаФон
999,6660000,6799999,Yota
999,6800000,6809999,Т2
999,6810000,6869999,Yota
999,6870000,6899999,Т2
999,6900000,6902999,Yota
999,6903000,6909999,МегаФон
999,6910000,7009999,Yota
999,7010000,7049999,МегаФон
999,7050000,7059999,Yota
999,7060000,7099999,МегаФон
999,7100000,7279999,Yota
999,7280000,7299999,МегаФон
999,7300000,7309999,Yota
999,7310000,7349999,МегаФон
999,7350000,7359999,Yota
999,7360000,7399999,МегаФон
999,7400000,7402999,Yota
999,7403000,7449999,МегаФон
999,7450000,7459999,Yota
999,7460000,7499999,МегаФон
999,7500000,7509999,Yota
999,7510000,7549999,МегаФон
999,7550000,7559999,Yota
999,7560000,7599999,МегаФон
999,7600000,7602999,Yota
999,7603000,7642999,МегаФон
999,7643000,7652999,Yota
999,7653000,7697999,МегаФон
999,7698000,7739999,Yota
999,7740000,7749999,МегаФон
999,7750000,7759999,Yota
999,7760000,7769999,МегаФон
999,7770000,7779999,Прочие
999,7780000,7789999,МегаФон
999,7790000,7798999,Прочие
999,7799000,7799999,Т2
999,7800000,8799999,Yota
999,8800000,9299999,Т2
999,9300000,9489999,Прочие
999,9490000,9499999,МегаФон
999,9500000,9599999,Прочие
999,9600000,9999999,Yota
